Name,Brand,Gender,Notes
No 5,Chanel,Women,Ylang-Ylang / Neroli / Aldehydes/ Jasmine / Mayrose/ Sandalwood / Vetiver
No 22,Chanel,Women,Aldehydes/ Jasmine / Tuberose / Ylang-Ylang / Rose/ Vetiver / Vanilla / Incense
No 19,Chanel,Women,Galbanum / Bergamot / Neroli / Hyacinth/ Rose / Orris / Jasmine / Narcissus / Muguet / Ylang-Ylang/ Musk / Sandal / Oakmoss / Leather / Cedarwood
Cristalle Eau de Toilette,Chanel,Women,Sicilian Lemon / Bergamot/ Rosewood / Hyacinth/ Oakmoss / Vetiver
Coco,Chanel,Women,Angelica / Mimosa / Frangipani / Mandarin/ Cascarilla / Orange Flower / Bulgarian Rose / Jasmine/ Labdanum / Ambrette Seed / Opopanax / Benzoin / Tonka / Vanilla
Coco Mademoiselle,Chanel,Women,Orange / Bergamot / Grapefruit/ Litchi / Rose / Italian Jasmine/ Indonesian Patchouli / Haitian Vetiver / Bourbon Vanilla / White Musk
Cristalle Eau de Parfum,Chanel,Women,Mandarin / Peach / Lily of the Valley / Sicilian Lemon / Bergamot/ Jasmine / Iris / Rosewood / Hyacinth/ Vetiver / Oakmoss
Allure Homme,Chanel,Men,Bergamot / Mandarin / Citron Zest/ Jamaican Pepper/ Vetiver / Patchouli / Sandalwood / Cedarwood / Tonka Bean / Labdanum
Antaeus,Chanel,Men,Clary Sage / Myrtle/ Patchouli / Sandalwood/ Labdanum / Beeswax Absolute
Chanel Pour Monsieur,Chanel,Men,Neroli / Lemon / Petitgrain/ Cardamom/ Cedarwood / Oakmoss / Vetiver
Chanel Pour Monsieur ConcentrEe,Chanel,Men,Mandarine / Lavender / Petitgrain/ Cardamom / Nutmeg/ Oakmoss / Vetiver / Opoponax / Vanilla
Allure Homme Sport,Chanel,Men,Aldehydes / Mandarin / Orange / Aquatic Note/ Black Pepper / Neroli / Cedar/ Tonka / Vetiver / Amber / White Musk
Allure Sensuelle,Chanel,Women,"Bergamot / Mandarin Orange / Pink Pepper/ Jasmine / Rose / Iris / Candied Fruit / Vetiver/ French Vanilla / Amber / Patchouli / Frankincense / ""Sensual Note"""
Chance Eau Fraiche,Chanel,Women,Citron / Water Hyacinth/ Jasmine Absolute / White Musk/ Vetiver / Amber / Patchouli / Teak
No 46,Chanel,Women,Bergamot / Orange / Neroli/ Rose / Lily of the valley-ylang-jasmin/ Vetiver / Orris / Sandalwood / Coumarin / Vanilla infusion / Musk
Chance Eau Tendre,Chanel,Women,Grapefruit / Quince/ Hyacinth / Jasmine/ Amber / Cedar / Iris / White musk
No 19 PoudrE,Chanel,Women,Mandarin / Neroli/ Iris / Jasmine / Galbanum / Vetiver / Hyacinth/ Musk / Tonka bean
Coco Mademoiselle L'Extrait,Chanel,Women,Sicilian orange / Calabrian bergamot/ May rose / Jasmine / Florentine iris/ Patchouli / Vetiver / Bourbon vanilla / White musk
Coco Noir,Chanel,Women,Grapefruit / Bergamot/ Rose / Jasmine / Indonesian patchouli/ Sandalwood / Brazilian Tonka bean / White musk
1932,Chanel,Women,Aldehydes / Bergamot / Neroli/ Jasmine / Rose / Lilac / Carnation / Ylang-ylang/ Vetiver / Sandalwood / Opoponax / Orris root / Coumarin / Ambrette / Musk / Incense / Vanilla / Iralia
Miss Dior,Christian Dior,Women,Galbanum/ Jasmine/ Patchouli
Diorissimo,Christian Dior,Women,Muguet / Ylang-Ylang/ Amaryllis / Boronia/ Jasmine
Dioressence,Christian Dior,Women,Violet / Rosebud/ Geranium/ Cinnamon / Patchouli
Diorella,Christian Dior,Women,Sicilian Lemon / Peach / Asil / Italian Bergamot / Melon / Green Notes/ Honeysuckle / Jasmine / Violet / Rose Bud / Carnation / Cyclamen / Oakmoss/ Vanilla / Clove / Sandalwood / Vetiver / Musk / Patchouli
Dolce Vita,Christian Dior,Women,Rose / Magnolia / Muguet/ Apricot / Peach / Cinnamon/ Sandalwood / Vanilla / Heliotrope
Eau de Dolce Vita,Christian Dior,Women,Citrus notes / Pear blossom/ Jasmine petals / Peony / Freesia / White Pepper/ Sandalwood / Soft vanilla
Hypnotic Poison,Christian Dior,Women,Caraway / Bitter Almond/ Jasmine Sambac / Moss/ Jacarander Wood / Vanilla / Musk
Dune pour Homme,Christian Dior,Men,Fig Leaves / Basil Leaves / Blackcurrant Leaves / Mandarin/ New Hedione / Moss / Sage/ Fig tree wood / Sandalwood / Cedarwood / Tonka Bean
Eau Sauvage,Christian Dior,Men,Lemon / Rosemary/ Petitgrain / Basil/ Vetiver
Eau Sauvage Extreme,Christian Dior,Men,Lavender / Rosemary/ Genista/ Cedarwood / Cistus
Fahrenheit,Christian Dior,Men,Hawthorn / Honeysuckle/ Sandalwood/ Lenstiscus / Styrax (Benzoin)
Higher,Christian Dior,Men,Citrus notes / Basil / Pear/ Spicy notes / Cypress / Rosemary flower/ Pear tree wood / Musk
Jules,Christian Dior,Men,Galbanum/ Black Pepper/ Cedarwood / Sandalwood / Russian Leather
Fahrenheit 0 DegrEs,Christian Dior,Men,Citrus/ Violet / Freesia / Sandal/ Patchouli / Cedar
Higher Black,Christian Dior,Men,Citrus notes / Basil / Pear/ Spicy notes / Cypress / Rosemary flower/ Pear tree wood / Musk
Dior Addict Dior Twist,Christian Dior,Women,Mandarin Leaf / Silk Tree Flower/ Bulgarian Rose / Orange Blossom / Night Queen Flower/ Bourbon Vanilla / Mysore Sandalwood / Tonka Bean
Forever and Ever Dior,Christian Dior,Women,Ivy leaves / Freesia petals / Water jasmine/ Rose / Almond blossoms / Geranium/ Vanilla / Musk / Ambrette seeds
Fahrenheit 32,Christian Dior,Men,Orange Blossom/ Vetiver/ Vanilla
Midnight Poison,Christian Dior,Women,Bergamot / Orange/ Rose/ Patchouli / Amber
Miss Dior Cherie Eau de Printemps,Christian Dior,Women,Blood Orange Essence / Calabrain Bergamot/ Jasmine Absolute / Orange Blossom / Rose/ Patchouli
Bronze Sweet Sun,Christian Dior,Women,Mandarin / Orange/ Jasmine / Tiare flower/ Ginger / Musk / Vanilla
Hypnotic Poison Eau Sensuelle,Christian Dior,Women,Ylang-Ylang / Orange Blossom/ Tuberose / Vanilla / Orchid/ Sandalwood / Musk
Granville,Christian Dior,Men And Women,Lemon / Mandarin / Thyme/ Rosemary / Pine / Gorse/ Black Pepper / Sandalwood / Oakmoss
Escale aux Marquises,Christian Dior,Men And Women,Blood orange / Pink pepper / Cardamom / Pepper / Amalfi lemon / Tiare flower/ Cinnamon / Ginger / Clove / Nutmeg / Coriander / Elemi resin/ Benzoin / Vanilla
Eau Sauvage Extreme (new / Intense),Christian Dior,Men,Sicilian Lemon/ Lavender of Vaucluse/ Virginia Cedar
Miss Dior Eau Fraiche,Christian Dior,Women,Bergamot / Fresh Notes/ Gardenia / Floral Notes/ Patchouli / Sweet Notes
Aqua Fahrenheit,Christian Dior,Men,Citruses / tangerine / Grapefruit/ Violet leaf / basil / Mint/ Vetiver from Haiti / Leather
Dior Addict to Life,Christian Dior,Women,Pomegranate / Raspberry / Peach/ Rose / Jasmine / Lily of the valley/ Cedar / White musk
Eau Sauvage Parfum,Christian Dior,Men,Bergamot/ Myrrh/ Vetiver
Escale a Parati,Christian Dior,Men And Women,Bitter orange / Lemon / Petitgrain/ Rosewood / Mint / Cinnamon / Red berries/ Tonka bean / Woods
Grand Bal,Christian Dior,Women,Bergamot / Jasmine/ Ylang Ylang / Tunisian orange blossom/ New Caledonia sandalwood / Musk
Oud ispahan,Christian Dior,Men And Women,Labdanum/ Indonesian Patchouli/ Laotian Oud Essence / Turkish Rose / Sandalwood
Dior Addict Eau Sensuelle,Christian Dior,Women,Rose/ Jasmine/ Musk / Cedar
Miss Dior Le Parfum,Christian Dior,Women,Mandarin/ Bulgarian rose / Turkish rose/ Patchouli / Amber / Vanilla
Hypnotic Poison Eau Secrete,Christian Dior,Women,Sicilian mandarin / Orange / Calabrian bergamot/ Sambac jasmine / Tunisian neroli/ Vanilla
Miss Dior Eau De Toilette,Christian Dior,Women,Tunisian neroli/ Bulgarian rose / Turkish rose/ Indonesian patchouli
Noir Epices,Editions de Parfums Frederic Malle,Men And Women,Orange / Rose / Geranium/ Nutmeg / Cinnamon / Clove / Pepper/ Patchouli / Cedarwood / Sandalwood
Le Parfum de ThErese,Editions de Parfums Frederic Malle,Women,Mandarin / Melon / Jasmine / Pepper/ Violet / Rose / Plum / Nutmeg/ Cedar / Vetiver / Leather
Iris Poudre,Editions de Parfums Frederic Malle,Men And Women,Bergamot / Orange / Rosewood / Ylang-Ylang / Carnation/ Magnolia / Jasmine / Muguet / Violetta-Rose / Aldehydes/ Iris / Musk / Amber / Vanilla / Sandalwood / Ebony
Musc Ravageur,Editions de Parfums Frederic Malle,Men And Women,Lavender / Bergamot/ Clove / Cinnamon/ Gaiac wood / Cedar / Sandalwood / Vanilla / Tonka / Musk
Lys MEditerranEe,Editions de Parfums Frederic Malle,Men And Women,Ginger Lily / Lily of the Valley (Muguet)/ Angelica Root / Orange Flower / Water Lily/ Musk
Une Fleur de Cassie,Editions de Parfums Frederic Malle,Men And Women,Cassie / Mimosa / Jasmine / Clove / Cumin / Bergamot/ Rose / Violet / Apricot / Aldehyde / Salicylate / / Musk Cetone / Cedarwood / Sandalwood
Dans Tes Bras,Editions de Parfums Frederic Malle,Women,Bergamot / Clove / Violet / Jasmine/ Sandalwood / Patchouli / Incense / Cashmeran/ Heliotrope / White musk
GEranium pour Monsieur,Editions de Parfums Frederic Malle,Men,Mint / Pepper mint / Geranium / Rhodinol / Anethol / Floralzone/ Cinnamon / Clove Oil/ White Musk Cocktail / Ambroxan / Sandalwood / Incense / Syrax
Eau de Givenchy,Givenchy,Women,Bergamot / Spearmint / Fruity notes/ Muguet / Jasmin / Rose / Cyclamen/ Moss / Sandal / Cedar / Musk
Extravagance D'Amarige,Givenchy,Women,Green Mandarin / Tagete / Pink Peppercorn/ Jasmine / Orange Blossom / Violet Leaves/ Sandalwood / Cedarwood / Musk / Ambrox
Givenchy Gentleman,Givenchy,Men,Tarragon / Cinnamon/ Patchouli / Vetiver/ Civet / Russian Leather
InsensE,Givenchy,Men,Blackcurrant / Mandarin / Basil/ Magnolia / Lily of the Valley / Iris / Lentiscus/ Firbalsam
InsensE Ultramarine,Givenchy,Men,Water fruits / Galbanum/ Cardamom / Mint Leaves/ Cedar / Vetiver / Tobacco
Monsieur de Givenchy,Givenchy,Men,Hesperidian Notes/ Lavender / Verbena/ Oakmoss / Sandalwood
Pi,Givenchy,Men,Citrus / Aromatic / Green / Floral/ Magnetic Wood/ Benzoin Crystals
Pi Fraiche,Givenchy,Men,Tangerine / Jasmine / / Amber/ Benzoin / Woody Notes
Xeryus,Givenchy,Men,Grapefruit / Artemisia/ Cypress / Gaiac wood / Chinese Cypriol/ Amber
Xeryus Rouge,Givenchy,Men,Kumquat / Cactus Flesh / Tarragon/ Cedar Leaf / Red Pepper / African Geranium/ Sandalwood / Cedar
Givenchy pour Homme,Givenchy,Men,Cool Grapefruit / Mandarin / Violet/ Lush fruits / Exotic Spices / Floral notes/ Warm woods / Vetiver
Into the Blue,Givenchy,Men And Women,Winter Bergamot / Nettle Flower / / Sweet Pea / White Orchid/ Luminous Woody Base
InsensE Ultramarine Aromatic Ocean - Morning Surf,Givenchy,Men,Citrus/ Cinnamon/ Sandalwood
InsensE Ultramarine Aromatic Ocean - Evening Dream,Givenchy,Men,Citrus/ Cinnamon/ Sandalwood
InsensE Ultramarine Aromatic Ocean - Midnight Swim,Givenchy,Men,Cinnamon/ Cypress/ Sandalwood
Givenchy pour Homme Blue Label,Givenchy,Men,Grapefruit / Hedione / Bergamot/ Cardamom / Davana / Pepper/ Olibanum / Vetiver / Cedar
Eau Torride,Givenchy,Men And Women,Mandarin / Bergamot / Lemon/ Jasmine/ Sandalwood / Bamboo
Ange ou DEmon,Givenchy,Women,White thyme / Mandarin  from Calabria and Essence of Saffron/ Maxillaria orchid / Lily / Ylang ylang/ Tonka bean / Vanilla / Rosewood / Oak wood absolute
Pi Neo,Givenchy,Men,Bergamot / Mandarin/ Myrtle / Cedarwood/ Patchouli
Ange ou DEmon Le Secret,Givenchy,Women,Italian winter lemon / Cranberry / Green tea leaves/ Sambac jasmine / White peony / Water flowers/ Blond woods / Patchouli
Play for Her,Givenchy,Women,Pink peppercorns / White peach / Bergamot / Sweet pea/ Amyris wood / Tiare flower / Magnolia leaf / Magnolia flower/ Sandalwood / Musks
Play Intense for Her,Givenchy,Women,Pink peppercorns / Orange flower/ Amyris wood / Tiare flower / Orchid/ Sandalwood / Patchouli / Tonka bean
Le Bouquet Absolu,Givenchy,Women,Bergamot / Neroli / Wild berries/ Jasmine / Vanilla orchid / Rose/ Musk / Ambergris / Juniper
Dahlia Noir,Givenchy,Women,Pink pepper / Mandarin / Mimosa/ Rose / Iris / Patchouli / Rose/ Sandalwood / Vanilla / Tonka bean
Very IrrEsistible Givenchy Electric Rose,Givenchy,Women,Blueberry / Lemon / Basil / Verbena/ Rose / Anise / Green violet/ Cedar / Musk
Very IrrEsistible L'Intense,Givenchy,Women,Plum/ Turkish Rose/ Patchouli / White Musk
Givenchy Play Sport,Givenchy,Men,Bergamot / Ginger / Mint / Lemon leaf/ Amirys wood / Pepper/ Musk
Ange ou DEmon Tendre,Givenchy,Women,Mandarin / Lily of the Valley / Orange Blossom/ Lily / Peony / Heliotrope/ Rosewood / Patchouli
Very IrrEsistible Tropical Paradise,Givenchy,Women,Anise / Mint/ Passion fruit / Rose/ Sandalwood / Musk
Givenchy Play Summer Vibrations,Givenchy,Men,Coriander leaf / Citrus/ Black pepper / Sea spray accord/ Amyris wood
Dahlia Noir Eau de Toilette,Givenchy,Women,Mandarin / Peach / Lemon/ Rose / Atlas Cedar / Pink pepper/ Vanilla / Tonkin Musk / Ambergris / Sandalwood
Eaudemoiselle de Givenchy Bois de Oud,Givenchy,Women,Mandarin/ Turkish rose / Orange blossom/ Cedar / Olibanum / Amber / Vanilla / Oud
Very IrrEsistible Poesie d'un Parfum d'Hiver,Givenchy,Women,Gingerbread / Honey / Candied orange/ Star anise / Cinnamon / Rose/ Vanilla
Eaudemoiselle de Givenchy Eau Florale,Givenchy,Women,Pear / Pink grapefruit/ Japanese wild rose / Jasmine/ Blonde woods / Musk
Very IrrEsistible Sensual,Givenchy,Women,Peony/ Rose / Star anise/ Patchouli / Vanilla
Gentlemen Only,Givenchy,Men,Birch leaf / Green mandarin / Nutmeg / Pink pepper/ Cedar / Patchouli / Vetiver/ Animalic notes / Frankincense
Dahlia Noir L'Eau,Givenchy,Women,Citrus / Neroli/ Rose/ Patchouli / Cedar / Musk
Bloom,Givenchy,Women,Raspberry / Caviar/ Iris / Violet / Tiare/ Woods / Incense / Musk
Apres L'ondEe,Guerlain,Women,Aniseed / Hesperidic notes / Rose/ Violet / Hawthorn/ Iris root
Mitsouko,Guerlain,Women,Bergamot / Rose/ Jasmin / Spices / Peach/ Oakmoss / Woody notes
L'Heure Bleue,Guerlain,Women,Neroli/ Carnation / Iris/ Vanilla
Liu,Guerlain,Women,Aldehydes / Rose/ Neroli / Jasmine / Rose/ Iris / Woody notes / Vanilla
Vol de Nuit,Guerlain,Women,Hesperedic Notes / Narcissus/ Galbanum / Oakmoss / Green notes/ Wood / Iris / Vanilla / Spices
Shalimar,Guerlain,Women,Bergamot/ Iris / Jasmine / Rose/ Vanilla / Opoponax / Tonka bean
Chant D'Aromes,Guerlain,Women,Hesperidic notes / Honeysuckle/ Gardenia / Jasmine / Ylang-ylang/ Sandalwood / Oakmoss / Vanilla
Chamade,Guerlain,Women,Hyacinth / Jasmine/ Ylang-Ylang / Blackcurrant bud / Galbanum/ Vanilla / Woody notes / Balsamic notes
Parure,Guerlain,Women,Hesperidic notes / Plum/ Rose / Jasmine / Lilac/ Oakmoss / Spices / Wood
NahEma,Guerlain,Women,Rose/ Fruit/ Vanilla / Wood
Samsara,Guerlain,Women,Jasmine / Ylang Ylang/ Jasmine / Sandalwood / Narcissus/ Tonka / Iris / Vanilla
Petit Guerlain,Guerlain,Women,Lavender / Hesperidic Notes/ Mimosa / Jasmine / Rose/ Tonka Bean
Aqua Allegoria Flora Nerolia,Guerlain,Women,Neroli / Petitgrain/ Jasmine / Orange Blossom/ Incense
Metalys / Metallica,Guerlain,Women,Vanilla/ Ylang-Ylang / Orange Blossom / Carnation/ Iris / Tonka Bean
Mayotte / Mahora,Guerlain,Women,Green and Fresh/ Tuberose / Frangipani blossoms / Neroli / Ylang-Ylang / Jasmine/ Vetiver / Vanilla / Sandalwood
Philtre d'Amour,Guerlain,Women,Lemon / Bergamot / Verbana/ Jasmine / Petigrain / Neroli / Myrtle/ Patchouli
Aqua Allegoria Gentiana,Guerlain,Women,Bergamot / Grapefruit / Limette / Lime/ Bitter orange / Gentian / Pear/ Vanilla / Musks
Champs-ElysEes,Guerlain,Women,Mimosa Leaf / Almond Blossom / Rose/ Buddleia / Mimosa Blossom/ Almond Wood / Hibiscus / Hibiscus Seed
Aqua Allegoria Herba Fresca,Guerlain,Men And Women,Clover Leaf / Italian Lemon/ Spearmint / Green Tea/ Lily of the Valley / Cyclamen / Pear Flower
Aqua Allegoria Lavande Velours,Guerlain,Men And Women,Lavender/ Lavender / Violet / Sandalwood/ Woody / Irridescent Lavender
Aqua Allegoria Pamplelune,Guerlain,Men And Women,Acidulous Grapefruit / Bergamot/ Neroli / Petitgrain / Cassis/ Patchouli / Vanilla
Aqua Allegoria Winter Delice,Guerlain,Men And Women,Fir Trees/ Scotch Pine / Balsam/ Somalian Incense / Sugar and Vanilla
Coriolan,Guerlain,Men,Lemon tree leaves / Bergamot/ Juniper / Absinthe / Coriander / Nutmeg / Juniper/ Oakmoss / Patchouli / Everlasting flower
Derby,Guerlain,Men,Bergamot / Lemon / Artemisia / Peppermint/ Pimento / Rose / Pepper / Mace / Jasmin/ Leather / Vetiver / Sandal / Patchouli / Moss
Eau de Guerlain,Guerlain,Men And Women,Lemon / Bergamot / Basil / Petitgrain / Caraway/ Rose / Jasmin / Patchouli / Carnation / Sandal/ Amber / Moss / Musk
Eau de Cologne ImpEriale,Guerlain,Men And Women,Bergamot / Neroli / Verbena / Lemon / Orange/ Lavender/ Cedarwood / Tonka Bean
Habit Rouge,Guerlain,Men,Bergamot / Lemon / Rosewood / Basil / Pimento/ Sandal / Carnation / Patchouli / Cedar / Rose / Cinnamon/ Vanilla / Amber / Moss / Leather / Benzoin / Labdanum / Olibanum
HEritage,Guerlain,Men,Lemon / Lavender / Bergamot/ Coriander / Pink peppercorn/ Patchouli / Cerdarwood / Tonka beans / Vanilla
Jicky,Guerlain,Men And Women,Lemon / Mandarin / Bergamot / Rosewood/ Orris / Jasmin / Patchouli / Rose / Vetiver/ Leather / Amber / Civet / Tonka / Incense / Benzoin
Vetiver,Guerlain,Men,Bergamot / Lemon / Mandarin / Neroli / Coriander/ Vetiver / Cedar/ Tobacco / Nutmeg / Pepper / Tonka bean / Capiscum
Vetiver Eau GlacEe,Guerlain,Men,Lime / Orange / Bergamot/ Neroli / Pepper / Nutmeg/ Tonka / Vetiver
Love is all,Guerlain,Women,Mandarin / Pink pepper/ Orange Blossom / Mimosa / Petals / Iris/ Wood notes / Amber
Lights of Champs-ElysEes,Guerlain,Women,Almond flower / Pink peppercorns/ Mimosa / Iris wood / Ylang-ylang/ Vetiver / Vanilla / Virginia Cedar
Vetiver Extreme,Guerlain,Men,Lemon / Bergamot / Artemisia/ Olibanum / Pepper / Nutmeg/ Tonka bean / VEtiver / Cedar
L'Instant d'un EtE pour Homme,Guerlain,Men,Neroli / Star Anise crystals / Yellow and green lemon / Grapefruit / Pink pepper / Elem/ Patchouli / Cedarwood / Mysore Sandalwood/ Bitter Cocoa Beans / Hibiscus seeds / Tea
L'Instant d'un EtE,Guerlain,Women,Grapefruit / Bitter Orange/ Magnolia / Ylang-ylang / Sambac Jasmine/ Vanilla / Benzoin / Musks / Amber
Nuit d'Amour,Guerlain,Women,Bay Rose / Aldehydes/ May Rose / Iris/ Powdery Notes / Sandalwood
My Insolence,Guerlain,Women,Raspberry/ Almond Blossom / Jasmine/ Patchouli / Vanilla / Tonka Bean
Cruel Gardenia,Guerlain,Women,Peach / Neroli / Damask Rose/ Ylang-ylang / Gardenia / White Musk / Violet/ Tonka Bean / Sandalwood
Les Elixirs Charnels - Oriental Brulant,Guerlain,Women,White almond/ Vanilla/ Styrax / Tonka bean
Les Secrets de Sophie,Guerlain,Women,Petitgrain / Bigarade Orange / Tunisian Neroli / Bergamot/ Orange Blossom / Jasmine / Violet leaves / Ylang-ylang/ Tonka bean / Incense / Vanilla / White Musk
Idylle,Guerlain,Women,Lily of the valley / Lilac / Peony / Freesia / Jasmine/ Bulgarian roses / Plessis robinson rose/ Patchouli / White musk
Arsene Lupin Dandy,Guerlain,Men,Bergamot / Bigarade / Pink peppercorn / Cardamom/ Sandalwood / Patchouli/ Cistus / Olibanum
Shalimar Parfum Initial,Guerlain,Women,Bergamot / Orange / Green notes/ Fruity notes / Rose / Jasmine / Iris/ Patchouli / Vetiver / Vanilla / Tonka bean / White musk
"Une Ville, un Parfum : Moscow",Guerlain,Men And Women,Pine needles / Absinthe / Plum / Redcurrant / Bergamot / Lemon/ Jasmine/ Tonka bean / Sandalwood / Vanilla / White musk
"Une Ville, un Parfum : New York",Guerlain,Men And Women,Bergamot/ Cinnamon / Cardamom/ Cedar / Vanilla
"Une Ville, un Parfum : Tokyo",Guerlain,Men And Women,Green tea/ Jasmine / Violet/ Vanilla / Hinoki
"Une Ville, un Parfum : London",Guerlain,Men And Women,Bergamot / Rhubarb / Grapefruit/ Cardamom / Rose / Violet/ Vetiver / Black tea / White cedar
Aqua Allegoria Flora NymphEa,Guerlain,Women,Citrus notes / Green accents / Wild Berries/ Orange Blossom / Syringa / Honey/ Wood / Musk
Cherry Blossom Delight,Guerlain,Women,Bergamot/ Cherry Blossom/ Green Tea
L'Instant Magic Elixir,Guerlain,Women,Bergamot / Flowery notes/ Cedar / Sandalwood / Musk/ Vanilla / Almonds
Les Elixirs Charnels - BoisE Torride,Guerlain,Women,Bergamot / Tangerine / Pink berries/ Marshmallow / Orange blossom / Jasmine/ Patchouli / White musk / Cedar
Mon Precieux Nectar,Guerlain,Women,Petitgrain / Bitter almond/ Jasmine / Orange blossom/ Woods / Incense / Vanilla / White musk
Shalimar Ode a la Vanille,Guerlain,Women,Lemon / Bergamot/ Mayotte vanilla / Madagascar vanilla / rose / Jasmine / Iris/ incense / Opoponax / Tonka bean
Aqua Allegoria Jasminora,Guerlain,Women,Galbanum / Bergamot/ Cyclamen / Jasmine / Lily of the valley/ Musk / Amber
Myrrhe et DElires,Guerlain,Men And Women,Citrus / Pepper/ Patchouli / Somalian myrrh / Iris / Violet / Peach / Rose / Jasmine/ Musk / Woody amber / Frankincense
Guerlain Homme L'Eau BoisEe,Guerlain,Men,Lime / Mint/ Rum/ Woods / Vetiver
Habit Rouge L'Eau,Guerlain,Men,Seville Orange / Hazelnut/ Jasmine/ Woody Notes / Vanilla
Idylle Eau Sublime,Guerlain,Women,Rosewater / Lychee/ Rose / Jasmine / Peach/ Patchouli / White Musk
Shalimar Parfum Initial L'Eau,Guerlain,Women,Orange / Bergamot / Grapefruit / Neroli/ Damascena rose / Jasmine / Iris/ Vanilla / Tonka bean
Shalimar Parfum Initial L'Eau,Guerlain,Women,Orange / Bergamot / Grapefruit / Neroli/ Damascena rose / Jasmine / Iris/ Vanilla / Tonka bean
Les Elixirs Charnels - Floral Romantique,Guerlain,Women,Mandarin / Orange / Jasmine/ Ylang-ylang / TiarE flower / Carnation / Lily/ Cedar / Chestnut / Ambrette / MatE
La Petite Robe Noire 2012,Guerlain,Women,Black cherry / Bergamot / Red berries / Almond/ Bulgarian rose / Turkish rose / Licorice / Smoked black tea/ Aniseed / Tonka bean / Vanilla / Iris / Patchouli
Eau de Shalimar,Guerlain,Women,Orange / Bergamot / Lime/ Rose / Jasmine/ Vanilla / Iris / Resin
Muguet 2012,Guerlain,Women,Green Notes/ Lilac / Lily of the Valley/ Jasmine / Rose
Les DEserts d'Orient - Encens Mythique d'Orient,Guerlain,Men And Women,Aldehydes / Rose / Saffron/ Patchouli / Vetiver/ Ambergris / Moss / Frankincense
Les DEserts d'Orient - Rose NacrEe du Desert,Guerlain,Men And Women,Patchouli / Saffron/ Cardamom / Curcuma / Oud/ Benzoin / Myrrh
Les DEserts d'Orient - Songe d'un Bois d'EtE,Guerlain,Men And Women,Laurel / Neroli/ Jasmine / Patchouli / Saffron / Cedar/ Leather / Myrrh
Le Bolshoi Saison 2012 La Traviata,Guerlain,Women,Bergamot / Petitgrain / Orange / Neroli/ Jasmine / Violet/ Vanilla / Tonka bean / Incense / White musk
La Petite Robe Noire Eau De Toilette,Guerlain,Women,Rose / Jasmine / Orange blossom/ Cherry / Apple / Blackcurrant / Green notes/ White amber / Musk notes
Amazone (original),Hermes,Women,Bergamot / Geranium / Cassie / Hyacinth/ Muguet / Orris / Rose / Jasmin/ Cedarwood / Oakmoss / Vetiver / Amber
Bel Ami,Hermes,Men,Lemon/ Ylang-Ylang / Iris/ Vanilla / Sandalwood / Vetiver
Eau d'Orange Verte,Hermes,Men And Women,Lemon / Mandarin/ Papaya / Mango/ Oakmoss / Patchouli
Equipage,Hermes,Men,Rosewood / Bergamot / Lily of the Valley/ Carnation / Jasmine / Pine/ Tonka / Vetiver / Patchouli
Rocabar,Hermes,Men,Juniper Berry / Cedar Needles / Lavender / Nutmeg / Cinnamon/ Cypress / Atlas Cedar / Virginia Cedar/ Basalm / Vanilla
Eau des Merveilles,Hermes,Women,Vetiver / Oak / Cedar/ Ambergris/ Lemon / Orange / Elemi / Pink Pepper
Un Jardin sur le Nil,Hermes,Men And Women,Green Mango / Grapefruit/ Calamus / Lotus/ Sycamore / Frankincense
Terre d'Hermes Parfum,Hermes,Men,Grapefruit / Orange / Shiso/ Flint accord/ Woody notes
Eau Claire des Merveilles,Hermes,Women,Citrus / Aldehydes/ Floral notes / Spices/ Vanilla / Powder / Driftwood
Hermessence Santal Massoia,Hermes,Men And Women,Green Fig/ Sandalwood / Massoia bark / Coconut/ Sandalwood / Vetiver
Eau des Merveilles Au Bal des Etoiles,Hermes,Women,Bitter orange/ Pepper / Oak/ Ambergris / Amber
Eau de Mandarine AmbrEe,Hermes,Men And Women,Mandarin/ Passion fruit/ Amber
Joy,Jean Patou,Women,Aldehydes / Peach / Leafy Green/ Rose / Jasmine / Ylang-Ylang / Tuberose/ Sandalwood / Musk / Civet
Enjoy,Jean Patou,Women,Cassis / Green Banana / Orange / Bergamot / Pear / Mandarin/ Bulgarian Rose / Turkish Rose / Hedione / Indian Jasmine/ Patchouli / Musk / Vanilla / Amber
Patou pour Homme,Jean Patou,Men,Hot Pepper / Lavender / Tarragon / Black Pepper / Bergamot / Galbanum/ Bourbon Vetiver / Cedar / Patchouli / Clary Sage/ Oakmoss / Sandalwood / Mysore / Cistus Labdanum
Voyageur,Jean Patou,Men,Grapefruit / Orange/ Lavender / Sage/ Cedarwood / Sandalwood / Oakmoss
Sira des Indes,Jean Patou,Women,Banana accords / Bergamot / Pear / Pink berries / Cardamom/ Floral notes/ Musk / Amber / Vanilla / Sandalwood
Eau de Patou pour Homme,Jean Patou,Men,Petitgrain / Orange / Sicilian lemon / Lime/ Honeysuckle / Pepper / Tunisian orange blossom / Ylang ylang / Nasturcia/ Amber / Musk / Civet / Oak moss
Clair de Musc,Serge Lutens Les Salons du Palais Royal Shiseido,Women,Musk / Bergamot / Neroli / Tuscan iris/ / 
Daim Blond,Serge Lutens Les Salons du Palais Royal Shiseido,Men And Women,Hawthorn / Cardamom/ Iris / Apricot Stone / Pallida/ Musk / Heliotrope / Leather
Chene,Serge Lutens Les Salons du Palais Royal Shiseido,Men And Women,Sap notes / Cedar Crystals / Black Thyme/ Silver Birch / Rum / Beeswax / Oak/ Undergrowth note / Tonka
Chypre Rouge,Serge Lutens Les Salons du Palais Royal Shiseido,Men And Women,Thyme / Pine needles/ Honey / Beeswax / Jasmine/ Patchouli / Vanilla / Moss / Amber / Musks
Santal Majuscule,Serge Lutens Les Salons du Palais Royal Shiseido,Men And Women,Rose/ Tonka Bean / Rosewood/ Sandalwood / Cocoa
Opium,Yves Saint Laurent,Women,Mandarin orange / Bergamot / Lily of the valley/ Jasmine / Carnation / Myrrh/ Vanilla / Patchouli / Opoponaux / Amber
Baby Doll Paris,Yves Saint Laurent,Women,Grapefruit / Redcurrant / Rhubarb/ Rose / Freesia / Spices/ Peach / Grenadine / Cedarwood
Nu Eau de Parfum,Yves Saint Laurent,Women,Bergamot/ White Orchid / Black Pepper/ Incense Absolut / Woody Notes / Spicy Notes / Vetiver
Nu Eau de Toilette,Yves Saint Laurent,Women,Bergamot / Coriander/ White Orchid / Jasmine Absolute/ Incense
Paris Premieres Roses,Yves Saint Laurent,Women,Alba Rose Buds / Orange Blossom / Violet/ Centiflora Rose / Muguet / Jasmine/ Sandalwood / Vetiver / Musk
Body Kouros,Yves Saint Laurent,Men,Incense / Eucalyptus/ Cedarwood from China / Mace/ Camphor wood / Benzoin
Jazz,Yves Saint Laurent,Men,Artemisia / Lavender / Bergamot/ Nutmeg / Geranium / Carnation / Cinnamon/ Sandalwood / Cedarwood / Leather / Amber / Moss
Jazz Prestige,Yves Saint Laurent,Men,Bergamot / Mint/ Geranium / Apple/ Sandalwood
Kouros,Yves Saint Laurent,Men,Clove/ Oakmoss/ Incense
Kouros Fraicheur,Yves Saint Laurent,Men,Bergamot/ Orange Blossom / Pineapple/ Amber / Patchouli / Vetiver
Live Jazz,Yves Saint Laurent,Men,Bitter Lemon Peel / Grapefruit / Iced Mint/ Coriander / Wild Reed / Rhubarb Leaf/ Cedarwood / Ambergris / Hint of Vanilla
Opium pour Homme,Yves Saint Laurent,Men,Star Anise / Blackcurrant/ Chinese Galanga / Szechuan Pepper/ Bourbon Vanilla / Tolu Balm / Atlas Cedar
YSL pour Homme,Yves Saint Laurent,Men,Lemon/ Thyme/ Vetiver
M7,Yves Saint Laurent,Men,Bergamot / Mandarin / Rosemary/ Vetiver / Agarwood/ Amber / Musk / Mandrake root
Kouros Cologne Sport,Yves Saint Laurent,Men,Frozen Cedrat / Bergamot / Tangerine / Citrus Notes/ Jasmine / Cyclamen/ Cedarwood / Ambergris
Rive Gauche pour Homme,Yves Saint Laurent,Men,Bergamot / Star Anise / Rosemary/ Lavender / Geranium Leaves / Cloves/ Vetiver / Gaiac Wood / Patchouli
CinEma,Yves Saint Laurent,Women,Clementine / Almond Blossom / Cyclamen/ Amarillys / Sambac jasmin / Peony/ Amber / White musks / Bourbon vanilla / Benzoin
Opium Fleur de Shanghai,Yves Saint Laurent,Women,Mandarin Orange/ Magnolia / Star Jasmine / Carnation/ Myrrh / Vanilla
Paris Roses EnchantEes,Yves Saint Laurent,Women,Garden Roses / Orange Blossom / Violets/ Apricot Rose / Lilac Rose / Muguet/ White musks / Sandalwood
Paris Roses des Vergers Springtime,Yves Saint Laurent,Women,Cherry Blossom / Cyclamen / Black Currant Leaf/ Pear Blossom / Tender Rose / Wild Rose/ Musks / Sandalwood / Rhodes Wood
Elle,Yves Saint Laurent,Women,Lychee / Citron / Peony/ Jasmin sambac / Pink berries/ Vetiver / Patchouli / Woody Notes
Opium pour Homme PoEsie de Chine Eau d'Orient,Yves Saint Laurent,Men,Grapefruit / Bergamot / Star anise/ Orange blossom / Nutmeg / White pepper/ Vetiver / Sandalwood / Amber
Baby Doll Honeymoon,Yves Saint Laurent,Women,Passion fruit / Redcurrant / Rhubarb/ Passion flower / Jasmine / Wild rose/ Musk / Cedar wood
Parisienne,Yves Saint Laurent,Women,Cranberry / Blackberry/ Damask Rose / Violet / Peony / Leather/ Patchouli / Vetyver / Musk / Sandalwood
Elle Shocking,Yves Saint Laurent,Women,Mandarin / Ginger / Peony / Freesia / Jasmine/ Floral notes / Raspberry/ Musk / Cedar / Patchouli
Parisienne L'Essentiel,Yves Saint Laurent,Women,Vinyl accord / Pink peppercorn / Blackberry/ Damascan rose / Iris / Sambac jasmine/ White leather accord / Tonka bean and musk
L'Homme Libre,Yves Saint Laurent,Men,Calabria Bergamot / Nutmeg / Pink Pepper/ Violet Leaf Accord / Grand Vert Basil / Star Anise/ Indonesia Patchouli / Haiti Vetiver / Leather
M7 Oud Absolu,Yves Saint Laurent,Men,Mandarin Orange / Mineral Notes/ Oud / Patchouli/ Rockrose / Myrrh / Amber Notes
La Nuit de L'Homme Le Parfum,Yves Saint Laurent,Men,Bergamot / Anise / Pepper/ Lavender / Labdanum / Fruity notes/ Vetiver / Patchouli / Vanilla
L'Homme Cologne Gingembre,Yves Saint Laurent,Men,Calabrian bergamot / Ozone aquatic accords/ Chinese ginger / White pepper / Basil/ Cedar / Oak moss / Vetiver / Musk
Opium Vapeurs de Parfum,Yves Saint Laurent,Women,Mandarin / Pink pepper/ Orange blossom / Jasmine/ Incense / Amber / Nutmeg / Vanilla / Woods
Parisienne L'Eau,Yves Saint Laurent,Women,Rose / Green freshness / Vinyl accord/ Red fruits / Cranberry / Blackcurrant/ Patchouli / White cedar / Musk
La Nuit de L'Homme Frozen Cologne,Yves Saint Laurent,Men,Lemon / Mandarin / Bergamot / Frozen Cocktail Accord/ Geranium / Pepper/ Tonka Bean / Cashmere Wood / Vetiver / Cedar / Musk
Paris Premieres Roses 2012,Yves Saint Laurent,Women,Wild rose / Violet / Orange blossom/ Peony / Lily of the valley / May rose/ Sandalwood / White musk
Manifesto,Yves Saint Laurent,Women,Bergamot / Cassis / Green Notes/ Jasmin Sambac / Lily of the Valley/ Sandalwood / Vanilla / Tonka Bean
Elle Edition LimitEe 2012,Yves Saint Laurent,Women,Mandarin / Grapefruit / Peony/ Pink pepper / Raspberry / Sambac jasmine/ Amber / Benzoin / Vetiver
